N,Error,RectType
100,0.00393554,Узкий
600,0.00172206,Узкий
1100,0.00813797,Узкий
1600,0.0060251,Узкий
2100,0.0384367,Узкий
2600,0.00495715,Узкий
3100,0.00806007,Узкий
3600,0.00270489,Узкий
4100,0.0133293,Узкий
4600,0.0030694,Узкий
5100,0.00491837,Узкий
5600,0.00175626,Узкий
6100,0.00393554,Узкий
6600,0.00511959,Узкий
7100,7.39925e-06,Узкий
7600,0.0030618,Узкий
8100,0.0108219,Узкий
8600,0.00810511,Узкий
9100,0.00452918,Узкий
9600,0.00172206,Узкий
10100,0.000666737,Узкий
10600,0.00220372,Узкий
11100,0.00300401,Узкий
11600,0.00167448,Узкий
12100,0.00492337,Узкий
12600,0.00702644,Узкий
13100,0.00194453,Узкий
13600,0.00217778,Узкий
14100,0.000733064,Узкий
14600,0.00170428,Узкий
15100,0.00151753,Узкий
15600,0.00512741,Узкий
16100,0.00216871,Узкий
16600,0.0017754,Узкий
17100,0.0048407,Узкий
17600,0.00466683,Узкий
18100,0.00239467,Узкий
18600,0.000919827,Узкий
19100,0.00511761,Узкий
19600,0.00616062,Узкий
20100,0.00102829,Узкий
20600,0.00438683,Узкий
21100,0.00292846,Узкий
21600,0.00614807,Узкий
22100,0.00321569,Узкий
22600,0.00211383,Узкий
23100,0.0042805,Узкий
23600,0.000165127,Узкий
24100,0.00184146,Узкий
24600,0.00286685,Узкий
25100,0.000866657,Узкий
25600,0.000874718,Узкий
26100,0.00317227,Узкий
26600,0.00190604,Узкий
27100,0.000897115,Узкий
27600,0.00607322,Узкий
28100,0.00183053,Узкий
28600,0.00152084,Узкий
29100,0.00386868,Узкий
29600,0.00474316,Узкий
30100,0.000449867,Узкий
30600,0.000246413,Узкий
31100,0.00157324,Узкий
31600,0.00196022,Узкий
32100,0.00451477,Узкий
32600,0.000920867,Узкий
33100,0.00104665,Узкий
33600,0.000338641,Узкий
34100,0.00261135,Узкий
34600,0.00305271,Узкий
35100,0.0049562,Узкий
35600,0.00520438,Узкий
36100,0.00397233,Узкий
36600,0.00665703,Узкий
37100,0.000932914,Узкий
37600,0.00262865,Узкий
38100,0.00414469,Узкий
38600,0.00270489,Узкий
39100,0.00641509,Узкий
39600,0.000917164,Узкий
40100,0.00239026,Узкий
40600,0.000533547,Узкий
41100,0.000620666,Узкий
41600,0.000853231,Узкий
42100,0.00426642,Узкий
42600,0.000630914,Узкий
43100,0.00318251,Узкий
43600,0.000889472,Узкий
44100,0.00194793,Узкий
44600,0.000144006,Узкий
45100,7.79075e-05,Узкий
45600,0.00204244,Узкий
46100,0.00393554,Узкий
46600,0.00068141,Узкий
47100,0.00229603,Узкий
47600,0.00256538,Узкий
48100,0.000206099,Узкий
48600,0.00139414,Узкий
49100,0.00780349,Узкий
49600,0.00240931,Узкий
50100,0.00306276,Узкий
50600,0.00406677,Узкий
51100,0.000504869,Узкий
51600,0.000671579,Узкий
52100,0.000749154,Узкий
52600,0.00343057,Узкий
53100,0.00481093,Узкий
53600,0.00410898,Узкий
54100,0.00271716,Узкий
54600,0.00252475,Узкий
55100,0.00263397,Узкий
55600,0.004891,Узкий
56100,0.00162774,Узкий
56600,0.00203492,Узкий
57100,0.00162335,Узкий
57600,0.0034744,Узкий
58100,0.00331836,Узкий
58600,0.00590727,Узкий
59100,0.00393554,Узкий
59600,0.00263804,Узкий
60100,0.00331258,Узкий
60600,0.0041547,Узкий
61100,0.00376165,Узкий
61600,0.00333012,Узкий
62100,0.00416985,Узкий
62600,0.000519856,Узкий
63100,0.00181038,Узкий
63600,0.000700231,Узкий
64100,0.00109917,Узкий
64600,5.28288e-05,Узкий
65100,0.000406219,Узкий
65600,0.00425946,Узкий
66100,0.000223518,Узкий
66600,0.00124918,Узкий
67100,0.00326259,Узкий
67600,0.000681326,Узкий
68100,0.00481313,Узкий
68600,0.00111738,Узкий
69100,0.00226342,Узкий
69600,0.00206553,Узкий
70100,0.000316933,Узкий
70600,0.000880182,Узкий
71100,0.00346139,Узкий
71600,0.000219365,Узкий
72100,0.00032521,Узкий
72600,0.00210622,Узкий
73100,0.00200542,Узкий
73600,0.000719978,Узкий
74100,0.000258415,Узкий
74600,0.000443938,Узкий
75100,0.000575536,Узкий
75600,0.00050898,Узкий
76100,0.0021028,Узкий
76600,0.00188966,Узкий
77100,0.000370834,Узкий
77600,0.000497117,Узкий
78100,0.00271339,Узкий
78600,0.00200931,Узкий
79100,0.00289456,Узкий
79600,0.00174987,Узкий
80100,0.000122061,Узкий
80600,0.00143096,Узкий
81100,0.00182305,Узкий
81600,0.00182601,Узкий
82100,0.000134077,Узкий
82600,0.00200612,Узкий
83100,0.00324832,Узкий
83600,0.000758302,Узкий
84100,0.000556107,Узкий
84600,0.00311922,Узкий
85100,1.28228e-05,Узкий
85600,0.00157726,Узкий
86100,0.00262442,Узкий
86600,0.00424226,Узкий
87100,0.000364347,Узкий
87600,0.0030081,Узкий
88100,0.0034833,Узкий
88600,0.0019569,Узкий
89100,0.00245989,Узкий
89600,0.00117858,Узкий
90100,7.46226e-08,Узкий
90600,0.000139602,Узкий
91100,0.000744103,Узкий
91600,0.00331384,Узкий
92100,0.00216188,Узкий
92600,0.00115316,Узкий
93100,0.000928877,Узкий
93600,0.00170788,Узкий
94100,0.00333294,Узкий
94600,0.00169408,Узкий
95100,0.00251636,Узкий
95600,0.00192118,Узкий
96100,4.45711e-05,Узкий
96600,0.000938411,Узкий
97100,0.000297324,Узкий
97600,0.00159506,Узкий
98100,0.00298242,Узкий
98600,0.00219798,Узкий
99100,0.00145185,Узкий
100,0.0724404,Широкий
600,0.0209093,Широкий
1100,0.0349632,Широкий
1600,0.0241804,Широкий
2100,0.0135477,Широкий
2600,0.01873,Широкий
3100,0.0173235,Широкий
3600,0.0220333,Широкий
4100,0.0683275,Широкий
4600,0.056757,Широкий
5100,0.0118156,Широкий
5600,0.00434573,Широкий
6100,0.0335809,Широкий
6600,0.0271555,Широкий
7100,0.011474,Широкий
7600,0.0618117,Широкий
8100,0.0139112,Широкий
8600,0.0221077,Широкий
9100,0.0350662,Широкий
9600,0.0295482,Широкий
10100,0.0357053,Широкий
10600,0.0102142,Широкий
11100,0.0269445,Широкий
11600,0.0173554,Широкий
12100,0.0221043,Широкий
12600,0.00771909,Широкий
13100,0.00859324,Широкий
13600,0.0275906,Широкий
14100,0.0344316,Широкий
14600,0.00520921,Широкий
15100,0.0101459,Широкий
15600,0.00287429,Широкий
16100,0.0141878,Широкий
16600,0.00454582,Широкий
17100,0.0127728,Широкий
17600,0.0265227,Широкий
18100,0.0198031,Широкий
18600,0.00206997,Широкий
19100,0.0174019,Широкий
19600,0.00250533,Широкий
20100,0.0416756,Широкий
20600,0.00260489,Широкий
21100,0.0143153,Широкий
21600,0.024419,Широкий
22100,0.039016,Широкий
22600,0.00312423,Широкий
23100,0.00429856,Широкий
23600,0.0278966,Широкий
24100,0.00615558,Широкий
24600,0.00171411,Широкий
25100,0.0195354,Широкий
25600,0.0197015,Широкий
26100,0.00175789,Широкий
26600,0.00928574,Широкий
27100,0.014254,Широкий
27600,0.0216599,Широкий
28100,0.00458806,Широкий
28600,0.0190904,Широкий
29100,0.00444059,Широкий
29600,0.0445857,Широкий
30100,0.00259093,Широкий
30600,0.0279274,Широкий
31100,0.0153779,Широкий
31600,0.00811771,Широкий
32100,0.0232373,Широкий
32600,0.0157631,Широкий
33100,0.00580804,Широкий
33600,0.00823031,Широкий
34100,0.00715759,Широкий
34600,0.0252602,Широкий
35100,0.00801272,Широкий
35600,0.00775126,Широкий
36100,0.00135317,Широкий
36600,0.0085193,Широкий
37100,0.00465825,Широкий
37600,0.00896778,Широкий
38100,0.0235887,Широкий
38600,0.00819376,Широкий
39100,0.0249949,Широкий
39600,0.0440723,Широкий
40100,0.0208553,Широкий
40600,0.00263226,Широкий
41100,0.0177748,Широкий
41600,0.0145183,Широкий
42100,0.0220109,Широкий
42600,0.00494191,Широкий
43100,0.00692057,Широкий
43600,0.0277643,Широкий
44100,0.017988,Широкий
44600,0.0350052,Широкий
45100,0.00137133,Широкий
45600,0.0351481,Широкий
46100,0.0154196,Широкий
46600,0.00365854,Широкий
47100,0.00239458,Широкий
47600,0.0297557,Широкий
48100,0.0141233,Широкий
48600,0.000296918,Широкий
49100,0.00632106,Широкий
49600,0.0104665,Широкий
50100,0.0043494,Широкий
50600,0.00563328,Широкий
51100,0.0110581,Широкий
51600,0.0233061,Широкий
52100,0.00807076,Широкий
52600,0.00170759,Широкий
53100,0.00344909,Широкий
53600,0.00274117,Широкий
54100,0.00100172,Широкий
54600,0.0035435,Широкий
55100,0.0104209,Широкий
55600,0.00793384,Широкий
56100,0.00667165,Широкий
56600,0.00913534,Широкий
57100,0.00715755,Широкий
57600,0.00539303,Широкий
58100,0.00840347,Широкий
58600,0.0207334,Широкий
59100,0.00913823,Широкий
59600,0.00502918,Широкий
60100,0.0059044,Широкий
60600,0.0120842,Широкий
61100,0.011885,Широкий
61600,0.00150148,Широкий
62100,0.0334394,Широкий
62600,0.000822669,Широкий
63100,0.00939442,Широкий
63600,0.00470455,Широкий
64100,0.0201709,Широкий
64600,0.00429787,Широкий
65100,0.013049,Широкий
65600,0.0160108,Широкий
66100,0.00477172,Широкий
66600,0.0232305,Широкий
67100,0.0125384,Широкий
67600,0.0140486,Широкий
68100,0.00277533,Широкий
68600,0.0112413,Широкий
69100,0.0139738,Широкий
69600,0.00841012,Широкий
70100,0.000693815,Широкий
70600,0.0231768,Широкий
71100,0.0114148,Широкий
71600,0.001909,Широкий
72100,0.00425639,Широкий
72600,0.00194609,Широкий
73100,0.00490716,Широкий
73600,0.00639658,Широкий
74100,0.0123555,Широкий
74600,0.00299119,Широкий
75100,0.00825278,Широкий
75600,0.00400491,Широкий
76100,0.0212771,Широкий
76600,0.000323766,Широкий
77100,0.0129557,Широкий
77600,0.00497184,Широкий
78100,0.0203288,Широкий
78600,0.00255216,Широкий
79100,0.00182693,Широкий
79600,0.00783231,Широкий
80100,0.00578909,Широкий
80600,0.017329,Широкий
81100,0.00343574,Широкий
81600,0.0134575,Широкий
82100,0.00601743,Широкий
82600,0.00566727,Широкий
83100,0.0344665,Широкий
83600,0.00140441,Широкий
84100,0.0117795,Широкий
84600,0.00857185,Широкий
85100,0.00692142,Широкий
85600,0.00305026,Широкий
86100,0.0158986,Широкий
86600,0.0114613,Широкий
87100,0.0054183,Широкий
87600,0.00697397,Широкий
88100,0.000846677,Широкий
88600,0.00648524,Широкий
89100,0.00760342,Широкий
89600,0.00365558,Широкий
90100,0.0111293,Широкий
90600,0.00741574,Широкий
91100,0.00931338,Широкий
91600,0.00766909,Широкий
92100,0.0137245,Широкий
92600,0.00791695,Широкий
93100,0.00568797,Широкий
93600,0.00263117,Широкий
94100,0.00595925,Широкий
94600,0.00480178,Широкий
95100,0.000372717,Широкий
95600,0.00128867,Широкий
96100,0.0198905,Широкий
96600,0.0012784,Широкий
97100,0.0121527,Широкий
97600,0.012248,Широкий
98100,0.00614322,Широкий
98600,0.00365421,Широкий
99100,4.63376e-05,Широкий
